pexels-photo-255379.jpeg?auto=compress&cs=tinysrgb&dpr=1&w=500,Unknown,0
862jy7cfe+Canva+Branded+Ads_Pexels_USP-UNIQUE_asset_460x520.jpg?fit=crop&loading=lazy&w=450&h=508.6956521739131&dpr=1,Unknown,0
istock_by_getty_white_logo.png?fit=crop&dpr=1,Unknown,0
pexels-photo-949587.jpeg?auto=compress&cs=tinysrgb&dpr=1&w=500,Unknown,0
pexels-photo-531880.jpeg?auto=compress&cs=tinysrgb&dpr=1&w=500,Unknown,0
milky-way-starry-sky-night-sky-star-956999.jpeg?auto=compress&cs=tinysrgb&dpr=1&w=500,Unknown,0
pexels-photo-207353.jpeg?auto=compress&cs=tinysrgb&dpr=1&w=500,Unknown,0
pexels-photo-1939485.jpeg?auto=compress&cs=tinysrgb&dpr=1&w=500,Unknown,0
pexels-photo-220067.jpeg?auto=compress&cs=tinysrgb&dpr=1&w=500,Unknown,0
pexels-photo-413195.jpeg?auto=compress&cs=tinysrgb&dpr=1&w=500,Unknown,0
pexels-photo-547114.jpeg?auto=compress&cs=tinysrgb&dpr=1&w=500,Unknown,0
pexels-photo-952670.jpeg?auto=compress&cs=tinysrgb&dpr=1&w=500,Unknown,0
pexels-photo-370799.jpeg?auto=compress&cs=tinysrgb&dpr=1&w=500,Unknown,0
pexels-photo-1103970.jpeg?auto=compress&cs=tinysrgb&dpr=1&w=500,Unknown,0
pexels-photo-1509534.jpeg?auto=compress&cs=tinysrgb&dpr=1&w=500,Unknown,0
pexels-photo-259915.jpeg?auto=compress&cs=tinysrgb&dpr=1&w=500,Unknown,0
pexels-photo-4842544.jpeg?auto=compress&cs=tinysrgb&dpr=1&w=236.25&fit=crop&h=382.5,Unknown,0
pexels-photo-2400843.jpeg?auto=compress&cs=tinysrgb&h=191.25&fit=crop&w=213.75&dpr=1,Unknown,0
pexels-photo-4594027.jpeg?auto=compress&cs=tinysrgb&h=191.25&fit=crop&w=213.75&dpr=1,Unknown,0
pexels-photo-235986.jpeg?auto=compress&cs=tinysrgb&dpr=1&w=500,Unknown,0
pexels-photo-235985.jpeg?auto=compress&cs=tinysrgb&dpr=1&w=500,Unknown,0
white-paper-background-fibrous-cardboard-texture-for-scrapbooking.jpg?b=1&s=612x612&w=0&k=20&c=Y64GICJMLEoo0krvOLR9JppnnmTIftNw2q0X_zUktrk=,Unknown,0
defocused-background-image-of-a-spacious-hallway-in-a-modern-office.jpg?b=1&s=612x612&w=0&k=20&c=aB8ktdkwuAhIXrPeZoNFh8KlLOor5GNImsP9qMqA0cU=,Unknown,0
abstract-concepts-of-cybersecurity-technology-and-digital-data-protection-protect-internet.jpg?b=1&s=612x612&w=0&k=20&c=mMG_-IOsy9IOupqSDvEbeqduD-LGZ3bBp1fZ5pXoIwA=,Unknown,0
abstract-connected-dots-and-lines-concept-of-ai-technology-motion-of-digital-data-flow.jpg?b=1&s=612x612&w=0&k=20&c=x0QPuKC83SPVcM7Wx364nTusL776cWWPL23U8HmlCfw=,Unknown,0
pexels-photo-1191710.jpeg?auto=compress&cs=tinysrgb&dpr=1&w=500,Unknown,0
pexels-photo-1227511.jpeg?auto=compress&cs=tinysrgb&dpr=1&w=500,Unknown,0
pexels-photo-459335.jpeg?auto=compress&cs=tinysrgb&dpr=1&w=500,Unknown,0
pexels-photo-276092.jpeg?auto=compress&cs=tinysrgb&dpr=1&w=500,Unknown,0
pexels-photo-96627.jpeg?auto=compress&cs=tinysrgb&dpr=1&w=500,Unknown,0
pexels-photo-1242348.jpeg?auto=compress&cs=tinysrgb&dpr=1&w=500,Unknown,0
pexels-photo-960137.jpeg?auto=compress&cs=tinysrgb&dpr=1&w=500,Unknown,0
pexels-photo-1590549.jpeg?auto=compress&cs=tinysrgb&dpr=1&w=500,Unknown,0
3IX0JssK_400x400.jpeg,Unknown,0
powered_by_logo.svg,Unknown,0
pexels-photo-255379.jpeg?auto=compress&cs=tinysrgb&dpr=1&w=500,Unknown,0
pexels-photo-235986.jpeg?auto=compress&cs=tinysrgb&dpr=1&w=500,Unknown,0
pexels-photo-531880.jpeg?auto=compress&cs=tinysrgb&dpr=1&w=500,Unknown,0
pexels-photo-235985.jpeg?auto=compress&cs=tinysrgb&dpr=1&w=500,Unknown,0
pexels-photo-1191710.jpeg?auto=compress&cs=tinysrgb&dpr=1&w=500,Unknown,0
white-paper-background-fibrous-cardboard-texture-for-scrapbooking.jpg?b=1&s=612x612&w=0&k=20&c=Y64GICJMLEoo0krvOLR9JppnnmTIftNw2q0X_zUktrk=,Unknown,0
defocused-background-image-of-a-spacious-hallway-in-a-modern-office.jpg?b=1&s=612x612&w=0&k=20&c=aB8ktdkwuAhIXrPeZoNFh8KlLOor5GNImsP9qMqA0cU=,Unknown,0
abstract-concepts-of-cybersecurity-technology-and-digital-data-protection-protect-internet.jpg?b=1&s=612x612&w=0&k=20&c=mMG_-IOsy9IOupqSDvEbeqduD-LGZ3bBp1fZ5pXoIwA=,Unknown,0
abstract-connected-dots-and-lines-concept-of-ai-technology-motion-of-digital-data-flow.jpg?b=1&s=612x612&w=0&k=20&c=x0QPuKC83SPVcM7Wx364nTusL776cWWPL23U8HmlCfw=,Unknown,0
pexels-photo-1227511.jpeg?auto=compress&cs=tinysrgb&dpr=1&w=500,Unknown,0
pexels-photo-220067.jpeg?auto=compress&cs=tinysrgb&dpr=1&w=500,Unknown,0
pexels-photo-413195.jpeg?auto=compress&cs=tinysrgb&dpr=1&w=500,Unknown,0
pexels-photo-547114.jpeg?auto=compress&cs=tinysrgb&dpr=1&w=500,Unknown,0
pexels-photo-952670.jpeg?auto=compress&cs=tinysrgb&dpr=1&w=500,Unknown,0
pexels-photo-370799.jpeg?auto=compress&cs=tinysrgb&dpr=1&w=500,Unknown,0
pexels-photo-1103970.jpeg?auto=compress&cs=tinysrgb&dpr=1&w=500,Unknown,0
pexels-photo-1509534.jpeg?auto=compress&cs=tinysrgb&dpr=1&w=500,Unknown,0
pexels-photo-259915.jpeg?auto=compress&cs=tinysrgb&dpr=1&w=500,Unknown,0
pexels-photo-4842544.jpeg?auto=compress&cs=tinysrgb&dpr=1&w=236.25&fit=crop&h=382.5,Unknown,0
pexels-photo-2400843.jpeg?auto=compress&cs=tinysrgb&h=191.25&fit=crop&w=213.75&dpr=1,Unknown,0
pexels-photo-4594027.jpeg?auto=compress&cs=tinysrgb&h=191.25&fit=crop&w=213.75&dpr=1,Unknown,0
pexels-photo-949587.jpeg?auto=compress&cs=tinysrgb&dpr=1&w=500,Unknown,0
milky-way-starry-sky-night-sky-star-956999.jpeg?auto=compress&cs=tinysrgb&dpr=1&w=500,Unknown,0
pexels-photo-207353.jpeg?auto=compress&cs=tinysrgb&dpr=1&w=500,Unknown,0
pexels-photo-1939485.jpeg?auto=compress&cs=tinysrgb&dpr=1&w=500,Unknown,0
pexels-photo-459335.jpeg?auto=compress&cs=tinysrgb&dpr=1&w=500,Unknown,0
pexels-photo-276092.jpeg?auto=compress&cs=tinysrgb&dpr=1&w=500,Unknown,0
pexels-photo-96627.jpeg?auto=compress&cs=tinysrgb&dpr=1&w=500,Unknown,0
pexels-photo-1242348.jpeg?auto=compress&cs=tinysrgb&dpr=1&w=500,Unknown,0
pexels-photo-960137.jpeg?auto=compress&cs=tinysrgb&dpr=1&w=500,Unknown,0
pexels-photo-1590549.jpeg?auto=compress&cs=tinysrgb&dpr=1&w=500,Unknown,0
3IX0JssK_400x400.jpeg,Unknown,0
powered_by_logo.svg,Unknown,0
pexels-photo-255379.jpeg?auto=compress&cs=tinysrgb&dpr=1&w=500,Unknown,0
pexels-photo-235986.jpeg?auto=compress&cs=tinysrgb&dpr=1&w=500,Unknown,0
pexels-photo-531880.jpeg?auto=compress&cs=tinysrgb&dpr=1&w=500,Unknown,0
pexels-photo-235985.jpeg?auto=compress&cs=tinysrgb&dpr=1&w=500,Unknown,0
pexels-photo-1191710.jpeg?auto=compress&cs=tinysrgb&dpr=1&w=500,Unknown,0
pexels-photo-1227511.jpeg?auto=compress&cs=tinysrgb&dpr=1&w=500,Unknown,0
pexels-photo-220067.jpeg?auto=compress&cs=tinysrgb&dpr=1&w=500,Unknown,0
pexels-photo-413195.jpeg?auto=compress&cs=tinysrgb&dpr=1&w=500,Unknown,0
pexels-photo-547114.jpeg?auto=compress&cs=tinysrgb&dpr=1&w=500,Unknown,0
pexels-photo-952670.jpeg?auto=compress&cs=tinysrgb&dpr=1&w=500,Unknown,0
pexels-photo-370799.jpeg?auto=compress&cs=tinysrgb&dpr=1&w=500,Unknown,0
pexels-photo-1103970.jpeg?auto=compress&cs=tinysrgb&dpr=1&w=500,Unknown,0
pexels-photo-1509534.jpeg?auto=compress&cs=tinysrgb&dpr=1&w=500,Unknown,0
pexels-photo-259915.jpeg?auto=compress&cs=tinysrgb&dpr=1&w=500,Unknown,0
pexels-photo-4842544.jpeg?auto=compress&cs=tinysrgb&dpr=1&w=236.25&fit=crop&h=382.5,Unknown,0
pexels-photo-2400843.jpeg?auto=compress&cs=tinysrgb&h=191.25&fit=crop&w=213.75&dpr=1,Unknown,0
pexels-photo-4594027.jpeg?auto=compress&cs=tinysrgb&h=191.25&fit=crop&w=213.75&dpr=1,Unknown,0
pexels-photo-949587.jpeg?auto=compress&cs=tinysrgb&dpr=1&w=500,Unknown,0
milky-way-starry-sky-night-sky-star-956999.jpeg?auto=compress&cs=tinysrgb&dpr=1&w=500,Unknown,0
pexels-photo-207353.jpeg?auto=compress&cs=tinysrgb&dpr=1&w=500,Unknown,0
pexels-photo-1939485.jpeg?auto=compress&cs=tinysrgb&dpr=1&w=500,Unknown,0
pexels-photo-255379.jpeg?auto=compress&cs=tinysrgb&dpr=1&w=500,Unknown,0
pexels-photo-235986.jpeg?auto=compress&cs=tinysrgb&dpr=1&w=500,Unknown,0
pexels-photo-531880.jpeg?auto=compress&cs=tinysrgb&dpr=1&w=500,Unknown,0
pexels-photo-235985.jpeg?auto=compress&cs=tinysrgb&dpr=1&w=500,Unknown,0
pexels-photo-1191710.jpeg?auto=compress&cs=tinysrgb&dpr=1&w=500,Unknown,0
white-paper-background-fibrous-cardboard-texture-for-scrapbooking.jpg?b=1&s=612x612&w=0&k=20&c=Y64GICJMLEoo0krvOLR9JppnnmTIftNw2q0X_zUktrk=,Unknown,0
defocused-background-image-of-a-spacious-hallway-in-a-modern-office.jpg?b=1&s=612x612&w=0&k=20&c=aB8ktdkwuAhIXrPeZoNFh8KlLOor5GNImsP9qMqA0cU=,Unknown,0
abstract-concepts-of-cybersecurity-technology-and-digital-data-protection-protect-internet.jpg?b=1&s=612x612&w=0&k=20&c=mMG_-IOsy9IOupqSDvEbeqduD-LGZ3bBp1fZ5pXoIwA=,Unknown,0
abstract-connected-dots-and-lines-concept-of-ai-technology-motion-of-digital-data-flow.jpg?b=1&s=612x612&w=0&k=20&c=x0QPuKC83SPVcM7Wx364nTusL776cWWPL23U8HmlCfw=,Unknown,0
pexels-photo-1227511.jpeg?auto=compress&cs=tinysrgb&dpr=1&w=500,Unknown,0
pexels-photo-220067.jpeg?auto=compress&cs=tinysrgb&dpr=1&w=500,Unknown,0
pexels-photo-413195.jpeg?auto=compress&cs=tinysrgb&dpr=1&w=500,Unknown,0
pexels-photo-547114.jpeg?auto=compress&cs=tinysrgb&dpr=1&w=500,Unknown,0
pexels-photo-952670.jpeg?auto=compress&cs=tinysrgb&dpr=1&w=500,Unknown,0
pexels-photo-370799.jpeg?auto=compress&cs=tinysrgb&dpr=1&w=500,Unknown,0
pexels-photo-1103970.jpeg?auto=compress&cs=tinysrgb&dpr=1&w=500,Unknown,0
pexels-photo-1509534.jpeg?auto=compress&cs=tinysrgb&dpr=1&w=500,Unknown,0
pexels-photo-259915.jpeg?auto=compress&cs=tinysrgb&dpr=1&w=500,Unknown,0
pexels-photo-4842544.jpeg?auto=compress&cs=tinysrgb&dpr=1&w=236.25&fit=crop&h=382.5,Unknown,0
pexels-photo-2400843.jpeg?auto=compress&cs=tinysrgb&h=191.25&fit=crop&w=213.75&dpr=1,Unknown,0
pexels-photo-4594027.jpeg?auto=compress&cs=tinysrgb&h=191.25&fit=crop&w=213.75&dpr=1,Unknown,0
pexels-photo-949587.jpeg?auto=compress&cs=tinysrgb&dpr=1&w=500,Unknown,0
milky-way-starry-sky-night-sky-star-956999.jpeg?auto=compress&cs=tinysrgb&dpr=1&w=500,Unknown,0
pexels-photo-207353.jpeg?auto=compress&cs=tinysrgb&dpr=1&w=500,Unknown,0
pexels-photo-1939485.jpeg?auto=compress&cs=tinysrgb&dpr=1&w=500,Unknown,0
pexels-photo-459335.jpeg?auto=compress&cs=tinysrgb&dpr=1&w=500,Unknown,0
pexels-photo-276092.jpeg?auto=compress&cs=tinysrgb&dpr=1&w=500,Unknown,0
pexels-photo-96627.jpeg?auto=compress&cs=tinysrgb&dpr=1&w=500,Unknown,0
pexels-photo-1242348.jpeg?auto=compress&cs=tinysrgb&dpr=1&w=500,Unknown,0
pexels-photo-960137.jpeg?auto=compress&cs=tinysrgb&dpr=1&w=500,Unknown,0
pexels-photo-1590549.jpeg?auto=compress&cs=tinysrgb&dpr=1&w=500,Unknown,0
logo_avatar_anonymous_color_1x_web_32dp.png,Unknown,0
Ui_-OW6UJI147ySDX9guWWDiCPSq1vtxoC-xG17BU2FpU0Fi6qkWwuLdpddmT9fqrA=w240-h480-rw,Unknown,0
Ui_-OW6UJI147ySDX9guWWDiCPSq1vtxoC-xG17BU2FpU0Fi6qkWwuLdpddmT9fqrA=w240-h480-rw,Unknown,0
Ui_-OW6UJI147ySDX9guWWDiCPSq1vtxoC-xG17BU2FpU0Fi6qkWwuLdpddmT9fqrA=w240-h480-rw,Unknown,0
yQChfa9XKlaXMIYTk8w8QwChjT8_SH-_2d2SS-kesw0TLQK1nxtw54bDcoZ09freZJgKrtg4f__is-31Vg=w48-h16-rw,Unknown,0
Tj49pE-3cj3rBGZyp2j__VKf1qpkwQi8z5XIDXJX2GRZBYpKgPDeLg4zrUhqXBZ65g=w526-h296-rw,Unknown,0
IEIYRzVtTDFjKH4vfR7vX-e1wEgRQuKsTEW64Z0-ciI5gPHqCCG0jXkPWmhR_q4qUQ=w526-h296-rw,Unknown,0
K5fpklapmzjQyZndhKbRADDSMijOhLiRNYLGmBeDGdwqpT2uaDj4lhpVHcRErHMrWUE=w526-h296-rw,Unknown,0
QnMJJv2qStYFDjQU8v14uxsyS6ykbgzR3n8FQFqr2BJuKst_3sKYd9V-tsc2rUWAWqvo=w526-h296-rw,Unknown,0
TZ-Q2DB88C9YLNLIWHA7BLkQmqaRGDjxRcvQl7uvv11yi2JNYBvXjI0fIpvOgVM1sho=w526-h296-rw,Unknown,0
cn03iXes1Nf8wZgmLZQHqDly4ySXwhfxsRNMhOmKuwVgwo1DHj6fWxxj2zbhTWZy3h--=w526-h296-rw,Unknown,0
PCfNMWrincclTgDBTtBEBJHJnZCpkr3zFAPxBC0XaD-TLl-f_Fkb6iRFLH54Oo-XlgXx=w526-h296-rw,Unknown,0
yikwQ1njGMBD3YrUzJvWAkzwHVG4CVu0kLc2pJ98nTINiyCwR7ztO7fctkx77dEIEpg=w526-h296-rw,Unknown,0
EIQ-MkZ4sUc1L3ku6HkHnX3oW-0qRu--x-DZF0YizXR4SItjdnc5w_NzRtMNAICr__A=w526-h296-rw,Unknown,0
iFstqoxDElUVv4T3KxkxP3OTcuFvWF5ZQQjT7aIxy4n2uaVigCCykxeG6EZV9FQ10X1itPj1oORm=s20-rw,Unknown,0
12USW7aflgz466ifDehKTnMoAep_VHxDmKJ6jEBoDZWCSefOC-ThRX14Mqe0r8KF9XCzrpMqJts=s20-rw,Unknown,0
W5DPtvB8Fhmkn5LbFZki_OHL3ZI1Rdc-AFul19UK4f7np2NMjLE5QquD6H0HAeEJ977u3WH4yaQ=s20-rw,Unknown,0
ohRyQRA9rNfhp7xLW0MtW1soD8SEX45Oec7MyH3FaxtukWUG_6GKVpvh3JiugzryLi7Bia02HPw=s20-rw,Unknown,0
ACg8ocK7050YrXx28WvFLqMD5SIqKhQY0cdaCe7hZx29paLZ5bpIiq4=s32-rw-mo,Unknown,0
ALV-UjU-fgz7nTCvAvAlrRInSf_gn-DuUn-96oHmFNVd2JNp_-Rm_VE=s32-rw,Unknown,0
ACg8ocKq5i6hQLD9WByurvb73vGhmORlbhPy19XV8jq85CdNEtmblA=s32-rw-mo,Unknown,0
waX_CXnriskbccUeOevisOQwwR-tlPRPX0hiFZ4X-w2nHDTb_I2yeBliFX5VAqfetw=s64-rw,Unknown,0
LLUZLIcA7MbM5yLwAA-oTAt3q5kdDjIIfrEqR2mGLAxvVJcwruxJYQChwPDahLvSjFc=s64-rw,Unknown,0
H_TXtCT2J6itwj_hv9VPLvTCv4E8Vxkz-LisZGKZ2IhculiFIincvOlubxYavj5zkRw=s64-rw,Unknown,0
w3STXz2lqMEQy65UEI9gbFkW8CQMe9xR8EY-2lbyaAVXBNExr221ApEITJfhNbXzHDk=s64-rw,Unknown,0
G-5o9M46Zn6SfBGTl-PHXNkTXtMbzsQ9sCEyaYj3ZkvR3LizQTzoduW-beIMDWnPl6Q=s64-rw,Unknown,0
pDvLsLGdkgxK1RZFJS1XshVwVv-KJ3ILXFNe0zdE6XAhmFGW-qTX9X_gBt2VT-pfTA=s64-rw,Unknown,0
Pfck8XXM4wRBgUbDnkXl3CZMWCdqZ7tEgKrhTp95OfawYCMSVpLYTNDKLWlC7E_jmQ=s64-rw,Unknown,0
ropkFQwG3f8MHAX8WooTf5CvZ6epWw7HIpq63UE8AiXRf6KkDV7pZo8fiUoldo3OVA=s64-rw,Unknown,0
R8-LD7m5rwQwIdAit3PwUG8QgYoDecAZBSaEuPAjhTpsG6mkqo130b-RKm9RrXBj-kI=s64-rw,Unknown,0
74iMObG1vsR3Kfm82RjERFhf99QFMNIY211oMvN636_gULghbRBMjpVFTjOK36oxCbs=s64-rw,Unknown,0
waX_CXnriskbccUeOevisOQwwR-tlPRPX0hiFZ4X-w2nHDTb_I2yeBliFX5VAqfetw=s64-rw,Unknown,0
DWSwQJfYa5UoSF_dY2ggW9A3yveOzaPW0jvEBjPJdOiAOZoLDh_fMuZSpY2zupKwdYY=s64-rw,Unknown,0
logo_avatar_anonymous_color_1x_web_32dp.png,Unknown,0
Ui_-OW6UJI147ySDX9guWWDiCPSq1vtxoC-xG17BU2FpU0Fi6qkWwuLdpddmT9fqrA=w240-h480-rw,Unknown,0
Ui_-OW6UJI147ySDX9guWWDiCPSq1vtxoC-xG17BU2FpU0Fi6qkWwuLdpddmT9fqrA=w240-h480-rw,Unknown,0
Ui_-OW6UJI147ySDX9guWWDiCPSq1vtxoC-xG17BU2FpU0Fi6qkWwuLdpddmT9fqrA=w240-h480-rw,Unknown,0
yQChfa9XKlaXMIYTk8w8QwChjT8_SH-_2d2SS-kesw0TLQK1nxtw54bDcoZ09freZJgKrtg4f__is-31Vg=w48-h16-rw,Unknown,0
Tj49pE-3cj3rBGZyp2j__VKf1qpkwQi8z5XIDXJX2GRZBYpKgPDeLg4zrUhqXBZ65g=w526-h296-rw,Unknown,0
IEIYRzVtTDFjKH4vfR7vX-e1wEgRQuKsTEW64Z0-ciI5gPHqCCG0jXkPWmhR_q4qUQ=w526-h296-rw,Unknown,0
K5fpklapmzjQyZndhKbRADDSMijOhLiRNYLGmBeDGdwqpT2uaDj4lhpVHcRErHMrWUE=w526-h296-rw,Unknown,0
QnMJJv2qStYFDjQU8v14uxsyS6ykbgzR3n8FQFqr2BJuKst_3sKYd9V-tsc2rUWAWqvo=w526-h296-rw,Unknown,0
TZ-Q2DB88C9YLNLIWHA7BLkQmqaRGDjxRcvQl7uvv11yi2JNYBvXjI0fIpvOgVM1sho=w526-h296-rw,Unknown,0
cn03iXes1Nf8wZgmLZQHqDly4ySXwhfxsRNMhOmKuwVgwo1DHj6fWxxj2zbhTWZy3h--=w526-h296-rw,Unknown,0
PCfNMWrincclTgDBTtBEBJHJnZCpkr3zFAPxBC0XaD-TLl-f_Fkb6iRFLH54Oo-XlgXx=w526-h296-rw,Unknown,0
yikwQ1njGMBD3YrUzJvWAkzwHVG4CVu0kLc2pJ98nTINiyCwR7ztO7fctkx77dEIEpg=w526-h296-rw,Unknown,0
EIQ-MkZ4sUc1L3ku6HkHnX3oW-0qRu--x-DZF0YizXR4SItjdnc5w_NzRtMNAICr__A=w526-h296-rw,Unknown,0
iFstqoxDElUVv4T3KxkxP3OTcuFvWF5ZQQjT7aIxy4n2uaVigCCykxeG6EZV9FQ10X1itPj1oORm=s20-rw,Unknown,0
12USW7aflgz466ifDehKTnMoAep_VHxDmKJ6jEBoDZWCSefOC-ThRX14Mqe0r8KF9XCzrpMqJts=s20-rw,Unknown,0
W5DPtvB8Fhmkn5LbFZki_OHL3ZI1Rdc-AFul19UK4f7np2NMjLE5QquD6H0HAeEJ977u3WH4yaQ=s20-rw,Unknown,0
ohRyQRA9rNfhp7xLW0MtW1soD8SEX45Oec7MyH3FaxtukWUG_6GKVpvh3JiugzryLi7Bia02HPw=s20-rw,Unknown,0
ACg8ocK7050YrXx28WvFLqMD5SIqKhQY0cdaCe7hZx29paLZ5bpIiq4=s32-rw-mo,Unknown,0
ALV-UjU-fgz7nTCvAvAlrRInSf_gn-DuUn-96oHmFNVd2JNp_-Rm_VE=s32-rw,Unknown,0
ACg8ocKq5i6hQLD9WByurvb73vGhmORlbhPy19XV8jq85CdNEtmblA=s32-rw-mo,Unknown,0
waX_CXnriskbccUeOevisOQwwR-tlPRPX0hiFZ4X-w2nHDTb_I2yeBliFX5VAqfetw=s64-rw,Unknown,0
LLUZLIcA7MbM5yLwAA-oTAt3q5kdDjIIfrEqR2mGLAxvVJcwruxJYQChwPDahLvSjFc=s64-rw,Unknown,0
H_TXtCT2J6itwj_hv9VPLvTCv4E8Vxkz-LisZGKZ2IhculiFIincvOlubxYavj5zkRw=s64-rw,Unknown,0
w3STXz2lqMEQy65UEI9gbFkW8CQMe9xR8EY-2lbyaAVXBNExr221ApEITJfhNbXzHDk=s64-rw,Unknown,0
G-5o9M46Zn6SfBGTl-PHXNkTXtMbzsQ9sCEyaYj3ZkvR3LizQTzoduW-beIMDWnPl6Q=s64-rw,Unknown,0
pDvLsLGdkgxK1RZFJS1XshVwVv-KJ3ILXFNe0zdE6XAhmFGW-qTX9X_gBt2VT-pfTA=s64-rw,Unknown,0
Pfck8XXM4wRBgUbDnkXl3CZMWCdqZ7tEgKrhTp95OfawYCMSVpLYTNDKLWlC7E_jmQ=s64-rw,Unknown,0
ropkFQwG3f8MHAX8WooTf5CvZ6epWw7HIpq63UE8AiXRf6KkDV7pZo8fiUoldo3OVA=s64-rw,Unknown,0
R8-LD7m5rwQwIdAit3PwUG8QgYoDecAZBSaEuPAjhTpsG6mkqo130b-RKm9RrXBj-kI=s64-rw,Unknown,0
74iMObG1vsR3Kfm82RjERFhf99QFMNIY211oMvN636_gULghbRBMjpVFTjOK36oxCbs=s64-rw,Unknown,0
waX_CXnriskbccUeOevisOQwwR-tlPRPX0hiFZ4X-w2nHDTb_I2yeBliFX5VAqfetw=s64-rw,Unknown,0
DWSwQJfYa5UoSF_dY2ggW9A3yveOzaPW0jvEBjPJdOiAOZoLDh_fMuZSpY2zupKwdYY=s64-rw,Unknown,0
logo_avatar_anonymous_color_1x_web_32dp.png,Unknown,0
Ui_-OW6UJI147ySDX9guWWDiCPSq1vtxoC-xG17BU2FpU0Fi6qkWwuLdpddmT9fqrA=w240-h480-rw,Unknown,0
Ui_-OW6UJI147ySDX9guWWDiCPSq1vtxoC-xG17BU2FpU0Fi6qkWwuLdpddmT9fqrA=w240-h480-rw,Unknown,0
Ui_-OW6UJI147ySDX9guWWDiCPSq1vtxoC-xG17BU2FpU0Fi6qkWwuLdpddmT9fqrA=w240-h480-rw,Unknown,0
yQChfa9XKlaXMIYTk8w8QwChjT8_SH-_2d2SS-kesw0TLQK1nxtw54bDcoZ09freZJgKrtg4f__is-31Vg=w48-h16-rw,Unknown,0
Tj49pE-3cj3rBGZyp2j__VKf1qpkwQi8z5XIDXJX2GRZBYpKgPDeLg4zrUhqXBZ65g=w526-h296-rw,Unknown,0
IEIYRzVtTDFjKH4vfR7vX-e1wEgRQuKsTEW64Z0-ciI5gPHqCCG0jXkPWmhR_q4qUQ=w526-h296-rw,Unknown,0
K5fpklapmzjQyZndhKbRADDSMijOhLiRNYLGmBeDGdwqpT2uaDj4lhpVHcRErHMrWUE=w526-h296-rw,Unknown,0
QnMJJv2qStYFDjQU8v14uxsyS6ykbgzR3n8FQFqr2BJuKst_3sKYd9V-tsc2rUWAWqvo=w526-h296-rw,Unknown,0
TZ-Q2DB88C9YLNLIWHA7BLkQmqaRGDjxRcvQl7uvv11yi2JNYBvXjI0fIpvOgVM1sho=w526-h296-rw,Unknown,0
cn03iXes1Nf8wZgmLZQHqDly4ySXwhfxsRNMhOmKuwVgwo1DHj6fWxxj2zbhTWZy3h--=w526-h296-rw,Unknown,0
PCfNMWrincclTgDBTtBEBJHJnZCpkr3zFAPxBC0XaD-TLl-f_Fkb6iRFLH54Oo-XlgXx=w526-h296-rw,Unknown,0
yikwQ1njGMBD3YrUzJvWAkzwHVG4CVu0kLc2pJ98nTINiyCwR7ztO7fctkx77dEIEpg=w526-h296-rw,Unknown,0
EIQ-MkZ4sUc1L3ku6HkHnX3oW-0qRu--x-DZF0YizXR4SItjdnc5w_NzRtMNAICr__A=w526-h296-rw,Unknown,0
iFstqoxDElUVv4T3KxkxP3OTcuFvWF5ZQQjT7aIxy4n2uaVigCCykxeG6EZV9FQ10X1itPj1oORm=s20-rw,Unknown,0
12USW7aflgz466ifDehKTnMoAep_VHxDmKJ6jEBoDZWCSefOC-ThRX14Mqe0r8KF9XCzrpMqJts=s20-rw,Unknown,0
W5DPtvB8Fhmkn5LbFZki_OHL3ZI1Rdc-AFul19UK4f7np2NMjLE5QquD6H0HAeEJ977u3WH4yaQ=s20-rw,Unknown,0
ohRyQRA9rNfhp7xLW0MtW1soD8SEX45Oec7MyH3FaxtukWUG_6GKVpvh3JiugzryLi7Bia02HPw=s20-rw,Unknown,0
ACg8ocK7050YrXx28WvFLqMD5SIqKhQY0cdaCe7hZx29paLZ5bpIiq4=s32-rw-mo,Unknown,0
ALV-UjU-fgz7nTCvAvAlrRInSf_gn-DuUn-96oHmFNVd2JNp_-Rm_VE=s32-rw,Unknown,0
ACg8ocKq5i6hQLD9WByurvb73vGhmORlbhPy19XV8jq85CdNEtmblA=s32-rw-mo,Unknown,0
waX_CXnriskbccUeOevisOQwwR-tlPRPX0hiFZ4X-w2nHDTb_I2yeBliFX5VAqfetw=s64-rw,Unknown,0
LLUZLIcA7MbM5yLwAA-oTAt3q5kdDjIIfrEqR2mGLAxvVJcwruxJYQChwPDahLvSjFc=s64-rw,Unknown,0
H_TXtCT2J6itwj_hv9VPLvTCv4E8Vxkz-LisZGKZ2IhculiFIincvOlubxYavj5zkRw=s64-rw,Unknown,0
w3STXz2lqMEQy65UEI9gbFkW8CQMe9xR8EY-2lbyaAVXBNExr221ApEITJfhNbXzHDk=s64-rw,Unknown,0
G-5o9M46Zn6SfBGTl-PHXNkTXtMbzsQ9sCEyaYj3ZkvR3LizQTzoduW-beIMDWnPl6Q=s64-rw,Unknown,0
pDvLsLGdkgxK1RZFJS1XshVwVv-KJ3ILXFNe0zdE6XAhmFGW-qTX9X_gBt2VT-pfTA=s64-rw,Unknown,0
Pfck8XXM4wRBgUbDnkXl3CZMWCdqZ7tEgKrhTp95OfawYCMSVpLYTNDKLWlC7E_jmQ=s64-rw,Unknown,0
ropkFQwG3f8MHAX8WooTf5CvZ6epWw7HIpq63UE8AiXRf6KkDV7pZo8fiUoldo3OVA=s64-rw,Unknown,0
R8-LD7m5rwQwIdAit3PwUG8QgYoDecAZBSaEuPAjhTpsG6mkqo130b-RKm9RrXBj-kI=s64-rw,Unknown,0
74iMObG1vsR3Kfm82RjERFhf99QFMNIY211oMvN636_gULghbRBMjpVFTjOK36oxCbs=s64-rw,Unknown,0
waX_CXnriskbccUeOevisOQwwR-tlPRPX0hiFZ4X-w2nHDTb_I2yeBliFX5VAqfetw=s64-rw,Unknown,0
DWSwQJfYa5UoSF_dY2ggW9A3yveOzaPW0jvEBjPJdOiAOZoLDh_fMuZSpY2zupKwdYY=s64-rw,Unknown,0
logo_avatar_anonymous_color_1x_web_32dp.png,Unknown,0
Ui_-OW6UJI147ySDX9guWWDiCPSq1vtxoC-xG17BU2FpU0Fi6qkWwuLdpddmT9fqrA=w240-h480-rw,Unknown,0
Ui_-OW6UJI147ySDX9guWWDiCPSq1vtxoC-xG17BU2FpU0Fi6qkWwuLdpddmT9fqrA=w240-h480-rw,Unknown,0
Ui_-OW6UJI147ySDX9guWWDiCPSq1vtxoC-xG17BU2FpU0Fi6qkWwuLdpddmT9fqrA=w240-h480-rw,Unknown,0
yQChfa9XKlaXMIYTk8w8QwChjT8_SH-_2d2SS-kesw0TLQK1nxtw54bDcoZ09freZJgKrtg4f__is-31Vg=w48-h16-rw,Unknown,0
Tj49pE-3cj3rBGZyp2j__VKf1qpkwQi8z5XIDXJX2GRZBYpKgPDeLg4zrUhqXBZ65g=w526-h296-rw,Unknown,0
IEIYRzVtTDFjKH4vfR7vX-e1wEgRQuKsTEW64Z0-ciI5gPHqCCG0jXkPWmhR_q4qUQ=w526-h296-rw,Unknown,0
